year,region,hh,value
"2015","IA","hh1",3.42720108331622
"2015","IA","hh2",10.6345983039111
"2015","IA","hh3",11.8757565363536
"2015","IA","hh4",30.7617094257847
"2015","IA","hh5",42.0719073119155
"2015","FL","hh1",38.7716365495945
"2015","FL","hh2",76.7386212902484
"2015","FL","hh3",83.8100216691902
"2015","FL","hh4",196.061930018632
"2015","FL","hh5",323.90065488046
"2015","MD","hh1",5.63755453735178
"2015","MD","hh2",15.5153566960614
"2015","MD","hh3",21.4586686334569
"2015","MD","hh4",65.5340015739229
"2015","MD","hh5",130.163287574009
"2015","OH","hh1",21.8976049502005
"2015","OH","hh2",44.547112691376
"2015","OH","hh3",49.0282872005643
"2015","OH","hh4",122.55973076701
"2015","OH","hh5",157.443962433054
"2015","TN","hh1",9.75835734979799
"2015","TN","hh2",26.6854404129183
"2015","TN","hh3",26.2837866375392
"2015","TN","hh4",56.1339951798108
"2015","TN","hh5",76.2866433421785
"2015","WI","hh1",7.62204584226196
"2015","WI","hh2",23.6926490800911
"2015","WI","hh3",27.1607339742528
"2015","WI","hh4",65.0500126436576
"2015","WI","hh5",72.3334683717569
"2015","RI","hh1",1.31990172418702
"2015","RI","hh2",3.72692548481825
"2015","RI","hh3",4.10025844260941
"2015","RI","hh4",4.94000366890661
"2015","RI","hh5",26.0889778794584
"2015","AK","hh1",0.535061372649521
"2015","AK","hh2",1.85659788472528
"2015","AK","hh3",3.04190652456038
"2015","AK","hh4",3.87268376829761
"2015","AK","hh5",21.7130295829962
"2015","WV","hh1",3.00442233032954
"2015","WV","hh2",6.54332150867637
"2015","WV","hh3",6.88689658651018
"2015","WV","hh4",11.3514001652838
"2015","WV","hh5",24.8414111614826
"2015","AZ","hh1",9.31644754876393
"2015","AZ","hh2",23.868633633187
"2015","AZ","hh3",26.3551829236466
"2015","AZ","hh4",60.1646167995977
"2015","AZ","hh5",87.7833198037198
"2015","NH","hh1",1.09041107218698
"2015","NH","hh2",3.26431103844066
"2015","NH","hh3",5.22859239558168
"2015","NH","hh4",10.1951511002362
"2015","NH","hh5",39.7481913260595
"2015","OK","hh1",6.25306833645337
"2015","OK","hh2",15.2949011425631
"2015","OK","hh3",16.932091958221
"2015","OK","hh4",26.0547133751862
"2015","OK","hh5",48.1587232173194
"2015","NE","hh1",2.26990996056554
"2015","NE","hh2",5.96049108232384
"2015","NE","hh3",6.7424213464108
"2015","NE","hh4",19.8561373403382
"2015","NE","hh5",30.0227839140941
"2015","KY","hh1",7.40687941996118
"2015","KY","hh2",16.2698299503619
"2015","KY","hh3",16.6039355032242
"2015","KY","hh4",36.6834507618739
"2015","KY","hh5",49.0306782463767
"2015","NM","hh1",4.07951074881341
"2015","NM","hh2",9.67264578164248
"2015","NM","hh3",8.69010423095774
"2015","NM","hh4",13.7919680343704
"2015","NM","hh5",28.5322050595455
"2015","IL","hh1",15.7191315724981
"2015","IL","hh2",47.5691628029359
"2015","IL","hh3",55.1064178671155
"2015","IL","hh4",118.371207003539
"2015","IL","hh5",247.466444014763
"2015","NC","hh1",13.5842531857444
"2015","NC","hh2",36.8526959685289
"2015","NC","hh3",41.2391921999032
"2015","NC","hh4",83.7061060516202
"2015","NC","hh5",120.359344448718
"2015","VA","hh1",13.5184733029104
"2015","VA","hh2",28.4335845858515
"2015","VA","hh3",34.7128783249823
"2015","VA","hh4",89.040113089245
"2015","VA","hh5",162.545409868731
"2015","CT","hh1",3.22769081461451
"2015","CT","hh2",9.08420380559155
"2015","CT","hh3",12.6605610132631
"2015","CT","hh4",33.4441741135914
"2015","CT","hh5",102.204466150637
"2015","MI","hh1",16.6312382094015
"2015","MI","hh2",38.1239927191211
"2015","MI","hh3",46.7051212204895
"2015","MI","hh4",107.117152211112
"2015","MI","hh5",126.342340447429
"2015","DE","hh1",1.14415323948093
"2015","DE","hh2",2.81862644016923
"2015","DE","hh3",3.76164958841518
"2015","DE","hh4",8.17935598908732
"2015","DE","hh5",21.3714178375334
"2015","HI","hh1",1.84037451173836
"2015","HI","hh2",3.91659398726187
"2015","HI","hh3",5.33414227135291
"2015","HI","hh4",11.0159135009696
"2015","HI","hh5",33.836536506517
"2015","GA","hh1",16.5019127972326
"2015","GA","hh2",35.2054692564049
"2015","GA","hh3",37.9710110875576
"2015","GA","hh4",108.042965326321
"2015","GA","hh5",120.567332430248
"2015","CA","hh1",42.7625146863336
"2015","CA","hh2",110.16600801136
"2015","CA","hh3",135.143415128757
"2015","CA","hh4",377.221230281966
"2015","CA","hh5",839.470014799068
"2015","ME","hh1",2.19609965198054
"2015","ME","hh2",4.62201983602867
"2015","ME","hh3",5.89650899051242
"2015","ME","hh4",7.80338951387084
"2015","ME","hh5",27.8086568927445
"2015","MA","hh1",7.74500363013598
"2015","MA","hh2",15.8234833436342
"2015","MA","hh3",24.1697533498271
"2015","MA","hh4",70.9864136439726
"2015","MA","hh5",204.027604433948
"2015","MS","hh1",5.47320227976549
"2015","MS","hh2",11.3834008662518
"2015","MS","hh3",11.4980722523595
"2015","MS","hh4",18.2293754970931
"2015","MS","hh5",29.957523496367
"2015","WA","hh1",6.65317613555003
"2015","WA","hh2",21.5869383895016
"2015","WA","hh3",27.9020004723393
"2015","WA","hh4",85.366870212755
"2015","WA","hh5",134.236555119359
"2015","TX","hh1",32.4334040242985
"2015","TX","hh2",90.9401595342438
"2015","TX","hh3",111.440943614604
"2015","TX","hh4",256.853726379714
"2015","TX","hh5",402.890622829419
"2015","AL","hh1",7.74961372763318
"2015","AL","hh2",18.1375809326408
"2015","AL","hh3",17.4374867468252
"2015","AL","hh4",37.3860651066017
"2015","AL","hh5",54.0307843007799
"2015","NV","hh1",3.82158257197473
"2015","NV","hh2",13.3411971072289
"2015","NV","hh3",13.1528178270065
"2015","NV","hh4",23.3592088256735
"2015","NV","hh5",51.0090334809612
"2015","SD","hh1",1.23151129359066
"2015","SD","hh2",2.96297648015008
"2015","SD","hh3",3.61646687907773
"2015","SD","hh4",5.73490521119256
"2015","SD","hh5",18.0424105563794
"2015","MN","hh1",6.02959218436755
"2015","MN","hh2",15.9236356445959
"2015","MN","hh3",22.0868986413988
"2015","MN","hh4",79.1189900119515
"2015","MN","hh5",99.4050582689831
"2015","VT","hh1",0.760439653681083
"2015","VT","hh2",1.98276832733937
"2015","VT","hh3",2.98842284818325
"2015","VT","hh4",3.20447007665543
"2015","VT","hh5",15.9791175110865
"2015","MO","hh1",6.26450084663936
"2015","MO","hh2",17.8918515039731
"2015","MO","hh3",22.9945915597649
"2015","MO","hh4",67.25574586712
"2015","MO","hh5",84.4545126770505
"2015","IN","hh1",9.29985274461793
"2015","IN","hh2",24.1709501241604
"2015","IN","hh3",23.9708566764499
"2015","IN","hh4",75.6016032863596
"2015","IN","hh5",70.0756764011693
"2015","LA","hh1",7.32830861952435
"2015","LA","hh2",15.880228389902
"2015","LA","hh3",17.6800938593028
"2015","LA","hh4",41.6063455689879
"2015","LA","hh5",55.5782096006768
"2015","KS","hh1",3.66620940339201
"2015","KS","hh2",9.90255124954321
"2015","KS","hh3",10.8297438250921
"2015","KS","hh4",26.1008363228379
"2015","KS","hh5",41.6779530877459
"2015","AR","hh1",5.01024479979648
"2015","AR","hh2",11.7976807825958
"2015","AR","hh3",11.4368767153278
"2015","AR","hh4",21.4818599111277
"2015","AR","hh5",32.9940259049843
"2015","NY","hh1",28.4437999120325
"2015","NY","hh2",61.6469709269377
"2015","NY","hh3",70.1367294901827
"2015","NY","hh4",211.468404395864
"2015","NY","hh5",471.107470869831
"2015","OR","hh1",6.03925625155999
"2015","OR","hh2",16.5552604824054
"2015","OR","hh3",16.4140253161968
"2015","OR","hh4",43.0581148346838
"2015","OR","hh5",58.3624619426545
"2015","ND","hh1",0.97820113590262
"2015","ND","hh2",2.67486600891225
"2015","ND","hh3",3.84875552630788
"2015","ND","hh4",5.63400502163918
"2015","ND","hh5",17.7252608276383
"2015","SC","hh1",7.86149977164774
"2015","SC","hh2",16.7167529011662
"2015","SC","hh3",21.4881754667675
"2015","SC","hh4",43.9818921362039
"2015","SC","hh5",52.7741734313162
"2015","ID","hh1",2.27201660600616
"2015","ID","hh2",6.83158136717899
"2015","ID","hh3",7.85424177130289
"2015","ID","hh4",7.53367848735296
"2015","ID","hh5",25.4084027650781
"2015","NJ","hh1",9.59359550051432
"2015","NJ","hh2",23.7220026133447
"2015","NJ","hh3",31.6211139080356
"2015","NJ","hh4",109.525670905737
"2015","NJ","hh5",221.337174441764
"2015","UT","hh1",2.39324731625812
"2015","UT","hh2",8.83510536283228
"2015","UT","hh3",12.2633631715081
"2015","UT","hh4",26.9497562048965
"2015","UT","hh5",40.5810244503715
"2015","MT","hh1",1.61605424391822
"2015","MT","hh2",4.07592397676863
"2015","MT","hh3",4.14427382505951
"2015","MT","hh4",5.43402556527073
"2015","MT","hh5",20.5821852798613
"2015","DC","hh1",0.799824071606276
"2015","DC","hh2",1.9775174708422
"2015","DC","hh3",2.34281312739349
"2015","DC","hh4",3.85769179097077
"2015","DC","hh5",31.9374895459975
"2015","PA","hh1",16.4393609462378
"2015","PA","hh2",43.2234186803592
"2015","PA","hh3",44.8099209795144
"2015","PA","hh4",146.489817076909
"2015","PA","hh5",220.811123390354
"2015","WY","hh1",0.613995183940617
"2015","WY","hh2",1.9936110374006
"2015","WY","hh3",2.89636909140213
"2015","WY","hh4",3.20718790805227
"2015","WY","hh5",12.1974055232799
"2015","CO","hh1",6.15676022808235
"2015","CO","hh2",18.1904637348214
"2015","CO","hh3",23.2229424759284
"2015","CO","hh4",58.294271122113
"2015","CO","hh5",97.9660705692307
"2016","IA","hh1",3.03600762668244
"2016","IA","hh2",11.2065686284367
"2016","IA","hh3",12.4481138675273
"2016","IA","hh4",31.7853741776045
"2016","IA","hh5",43.2702530878535
"2016","FL","hh1",35.0368130923986
"2016","FL","hh2",88.4720507861614
"2016","FL","hh3",93.1034784427872
"2016","FL","hh4",210.460829781717
"2016","FL","hh5",318.971001735172
"2016","MD","hh1",5.25120398723788
"2016","MD","hh2",15.115789517127
"2016","MD","hh3",21.4655604399355
"2016","MD","hh4",56.0175818338669
"2016","MD","hh5",147.508257398636
"2016","OH","hh1",14.6286718474609
"2016","OH","hh2",46.8515723466753
"2016","OH","hh3",45.7968466947113
"2016","OH","hh4",122.771657054009
"2016","OH","hh5",175.460655995036
"2016","TN","hh1",9.20074484035957
"2016","TN","hh2",24.6383413724544
"2016","TN","hh3",29.3324194719806
"2016","TN","hh4",53.8676412030633
"2016","TN","hh5",85.1615303188764
"2016","WI","hh1",6.11005250436142
"2016","WI","hh2",18.9720025207651
"2016","WI","hh3",21.7048124303569
"2016","WI","hh4",72.682137508279
"2016","WI","hh5",82.55935366821
"2016","RI","hh1",1.15197156133069
"2016","RI","hh2",3.46666153118908
"2016","RI","hh3",4.02790655027563
"2016","RI","hh4",4.98396928444959
"2016","RI","hh5",27.3372740136996
"2016","AK","hh1",0.621628607952779
"2016","AK","hh2",1.74073415620676
"2016","AK","hh3",3.12824246541247
"2016","AK","hh4",4.66647555610657
"2016","AK","hh5",21.6959991675352
"2016","WV","hh1",2.99943214601483
"2016","WV","hh2",6.17703940990015
"2016","WV","hh3",6.43416648983879
"2016","WV","hh4",13.8150802966281
"2016","WV","hh5",24.4258064924474
"2016","AZ","hh1",8.61886320979047
"2016","AZ","hh2",20.4178953438754
"2016","AZ","hh3",30.2454673370793
"2016","AZ","hh4",55.0957450578483
"2016","AZ","hh5",100.134432684134
"2016","NH","hh1",0.99616529182243
"2016","NH","hh2",3.45064788890311
"2016","NH","hh3",5.06271102201085
"2016","NH","hh4",11.9599632818178
"2016","NH","hh5",39.7435199548259
"2016","OK","hh1",5.39661179138587
"2016","OK","hh2",13.4639909451365
"2016","OK","hh3",15.5275470386722
"2016","OK","hh4",31.1551066972591
"2016","OK","hh5",49.5638987281592
"2016","NE","hh1",2.19920592133091
"2016","NE","hh2",6.09789541393345
"2016","NE","hh3",8.5851969289647
"2016","NE","hh4",18.2572434840692
"2016","NE","hh5",32.0933145578227
"2016","KY","hh1",6.66642849971087
"2016","KY","hh2",18.0177421678411
"2016","KY","hh3",16.5008745897244
"2016","KY","hh4",35.9904416135074
"2016","KY","hh5",53.0804065820138
"2016","NM","hh1",4.26024103673804
"2016","NM","hh2",7.8740777557583
"2016","NM","hh3",8.30951532534979
"2016","NM","hh4",12.7104401049898
"2016","NM","hh5",33.3308556137456
"2016","IL","hh1",14.9168140160344
"2016","IL","hh2",41.7007806582139
"2016","IL","hh3",46.1444194746964
"2016","IL","hh4",134.166670168331
"2016","IL","hh5",259.785944208134
"2016","NC","hh1",12.7116376915611
"2016","NC","hh2",33.8889520249623
"2016","NC","hh3",41.662688441834
"2016","NC","hh4",95.0198467392891
"2016","NC","hh5",124.432325106314
"2016","VA","hh1",10.271501511117
"2016","VA","hh2",25.406464277264
"2016","VA","hh3",26.7272937507515
"2016","VA","hh4",99.0505627525807
"2016","VA","hh5",177.990890777616
"2016","CT","hh1",3.53789107914021
"2016","CT","hh2",8.310862091768
"2016","CT","hh3",11.0540221509221
"2016","CT","hh4",38.2638214781245
"2016","CT","hh5",102.539288478009
"2016","MI","hh1",11.695461899013
"2016","MI","hh2",37.2614119424526
"2016","MI","hh3",48.1217250074507
"2016","MI","hh4",101.386106495822
"2016","MI","hh5",146.280755870059
"2016","DE","hh1",0.900340283660556
"2016","DE","hh2",2.98990576220047
"2016","DE","hh3",3.77919077070633
"2016","DE","hh4",8.17862515290616
"2016","DE","hh5",22.3711549641406
"2016","HI","hh1",1.75367150574496
"2016","HI","hh2",3.4443874339097
"2016","HI","hh3",4.79542352488262
"2016","HI","hh4",12.564735237749
"2016","HI","hh5",35.5033809772631
"2016","GA","hh1",12.6361732059116
"2016","GA","hh2",35.8372226909533
"2016","GA","hh3",38.5959199177121
"2016","GA","hh4",99.5360565585889
"2016","GA","hh5",145.46585046173
"2016","CA","hh1",41.1088784428755
"2016","CA","hh2",110.726750825947
"2016","CA","hh3",138.601355768047
"2016","CA","hh4",380.851296809546
"2016","CA","hh5",903.159575159798
"2016","ME","hh1",2.18533555410389
"2016","ME","hh2",4.64633432343836
"2016","ME","hh3",5.49378746369551
"2016","ME","hh4",6.91641448505414
"2016","ME","hh5",30.3942729309358
"2016","MA","hh1",7.16069136118213
"2016","MA","hh2",17.1164885629386
"2016","MA","hh3",21.4892927169432
"2016","MA","hh4",86.9396932464481
"2016","MA","hh5",200.785719336099
"2016","MS","hh1",5.26773595171946
"2016","MS","hh2",10.0625767080821
"2016","MS","hh3",10.7046643557294
"2016","MS","hh4",21.0576209288571
"2016","MS","hh5",31.2108554164727
"2016","WA","hh1",6.89646722186115
"2016","WA","hh2",21.1763919514254
"2016","WA","hh3",26.2996306246242
"2016","WA","hh4",73.3028119810444
"2016","WA","hh5",161.74459587981
"2016","TX","hh1",31.2067288672669
"2016","TX","hh2",89.307914030434
"2016","TX","hh3",106.6246236485
"2016","TX","hh4",276.097290404361
"2016","TX","hh5",425.202278362191
"2016","AL","hh1",6.90848954463178
"2016","AL","hh2",16.9814452351081
"2016","AL","hh3",16.5190238626489
"2016","AL","hh4",36.1448816104053
"2016","AL","hh5",61.1668440505922
"2016","NV","hh1",4.3721218039542
"2016","NV","hh2",10.9854533035354
"2016","NV","hh3",11.6045541773921
"2016","NV","hh4",25.914710556835
"2016","NV","hh5",55.3537474332797
"2016","SD","hh1",1.19938809934634
"2016","SD","hh2",2.65505484786866
"2016","SD","hh3",3.65739137990748
"2016","SD","hh4",6.82113437646682
"2016","SD","hh5",18.6294156077889
"2016","MN","hh1",5.07844466608193
"2016","MN","hh2",15.5483278865144
"2016","MN","hh3",22.2260055329735
"2016","MN","hh4",67.5891731224507
"2016","MN","hh5",121.256002481057
"2016","VT","hh1",0.758750265476421
"2016","VT","hh2",1.96136241038472
"2016","VT","hh3",3.28123544986262
"2016","VT","hh4",3.31384201857457
"2016","VT","hh5",16.1246295200003
"2016","MO","hh1",7.59725145237088
"2016","MO","hh2",20.0152786028982
"2016","MO","hh3",30.6681691561321
"2016","MO","hh4",59.4742708598112
"2016","MO","hh5",86.4926605373478
"2016","IN","hh1",7.64110947519717
"2016","IN","hh2",21.0372503493422
"2016","IN","hh3",23.570902676741
"2016","IN","hh4",72.3153376358834
"2016","IN","hh5",85.2692497204523
"2016","LA","hh1",7.67325266721258
"2016","LA","hh2",15.6537987518292
"2016","LA","hh3",15.341829556249
"2016","LA","hh4",43.869855863894
"2016","LA","hh5",58.5395890752681
"2016","KS","hh1",3.15874728176453
"2016","KS","hh2",9.57221287170369
"2016","KS","hh3",12.0017585241883
"2016","KS","hh4",23.9202528931614
"2016","KS","hh5",45.7149633897173
"2016","AR","hh1",4.34126692630103
"2016","AR","hh2",11.5459125264127
"2016","AR","hh3",12.3341209746664
"2016","AR","hh4",19.6886464106364
"2016","AR","hh5",37.7000816931293
"2016","NY","hh1",31.6162328123932
"2016","NY","hh2",68.4053955528975
"2016","NY","hh3",78.4534684254932
"2016","NY","hh4",198.159055611331
"2016","NY","hh5",497.756114758289
"2016","OR","hh1",5.71769768266555
"2016","OR","hh2",14.184312289541
"2016","OR","hh3",17.9582560037557
"2016","OR","hh4",35.5269966680641
"2016","OR","hh5",73.4226277423938
"2016","ND","hh1",0.859688639039934
"2016","ND","hh2",2.74325610181568
"2016","ND","hh3",3.43997630238058
"2016","ND","hh4",6.56394426209761
"2016","ND","hh5",17.2017557817443
"2016","SC","hh1",6.13420720153636
"2016","SC","hh2",16.448291701309
"2016","SC","hh3",18.6930990447265
"2016","SC","hh4",45.0756447043616
"2016","SC","hh5",62.2034811401234
"2016","ID","hh1",1.80550978132125
"2016","ID","hh2",5.97769190671823
"2016","ID","hh3",7.91212238074303
"2016","ID","hh4",9.78990195362008
"2016","ID","hh5",27.3301201160626
"2016","NJ","hh1",10.6156229495656
"2016","NJ","hh2",25.9817355058487
"2016","NJ","hh3",30.0447872805973
"2016","NJ","hh4",93.5380011567478
"2016","NJ","hh5",244.613933329324
"2016","UT","hh1",2.43579211526552
"2016","UT","hh2",7.09622846192797
"2016","UT","hh3",12.8109588699846
"2016","UT","hh4",21.1460035943627
"2016","UT","hh5",53.4132137491986
"2016","MT","hh1",1.34684370564057
"2016","MT","hh2",3.71441233626034
"2016","MT","hh3",4.80864342815911
"2016","MT","hh4",6.21308628915918
"2016","MT","hh5",21.1295799265809
"2016","DC","hh1",0.840494158857113
"2016","DC","hh2",1.73024784106587
"2016","DC","hh3",2.31487687297294
"2016","DC","hh4",5.24022884611958
"2016","DC","hh5",32.31988843805
"2016","PA","hh1",15.3003202565011
"2016","PA","hh2",39.8756336387958
"2016","PA","hh3",58.566558463553
"2016","PA","hh4",152.898155463146
"2016","PA","hh5",216.233912163556
"2016","WY","hh1",0.679893391260636
"2016","WY","hh2",2.07288128718507
"2016","WY","hh3",2.7152575114041
"2016","WY","hh4",3.19786275390429
"2016","WY","hh5",12.3835442079955
"2016","CO","hh1",6.03650246783307
"2016","CO","hh2",17.7472599268403
"2016","CO","hh3",22.1835311465715
"2016","CO","hh4",58.7670126125243
"2016","CO","hh5",108.572589571296
"2017","IA","hh1",3.5334569897488
"2017","IA","hh2",8.60619410488008
"2017","IA","hh3",13.1707628721739
"2017","IA","hh4",37.0975600268095
"2017","IA","hh5",43.5479388967897
"2017","FL","hh1",28.4648434342056
"2017","FL","hh2",76.2361984654629
"2017","FL","hh3",86.6260583327465
"2017","FL","hh4",201.16858247705
"2017","FL","hh5",387.936746782967
"2017","MD","hh1",5.46981965834723
"2017","MD","hh2",14.8613332310275
"2017","MD","hh3",20.3561500210795
"2017","MD","hh4",65.7383122616712
"2017","MD","hh5",149.073647079834
"2017","OH","hh1",21.021193795397
"2017","OH","hh2",39.8253375931593
"2017","OH","hh3",47.2222665224395
"2017","OH","hh4",133.620934721648
"2017","OH","hh5",178.563562193369
"2017","TN","hh1",7.82023749937136
"2017","TN","hh2",25.38062436633
"2017","TN","hh3",25.0774949459355
"2017","TN","hh4",52.191278544746
"2017","TN","hh5",102.1410589854
"2017","WI","hh1",6.72381447409206
"2017","WI","hh2",17.939331068874
"2017","WI","hh3",24.799363117361
"2017","WI","hh4",60.2826284402425
"2017","WI","hh5",100.307301291281
"2017","RI","hh1",1.27033461525477
"2017","RI","hh2",2.81072193090264
"2017","RI","hh3",4.11186245620495
"2017","RI","hh4",5.23655922788477
"2017","RI","hh5",28.6731397719275
"2017","AK","hh1",0.674054149625289
"2017","AK","hh2",1.97231297938892
"2017","AK","hh3",2.56088328791776
"2017","AK","hh4",7.01293707207995
"2017","AK","hh5",21.0123494934313
"2017","WV","hh1",4.09959639482773
"2017","WV","hh2",7.53125571403138
"2017","WV","hh3",7.16886948563836
"2017","WV","hh4",13.3784502097135
"2017","WV","hh5",23.3029098111607
"2017","AZ","hh1",7.96275542516879
"2017","AZ","hh2",22.1205187568489
"2017","AZ","hh3",28.8078309826176
"2017","AZ","hh4",72.0964281813308
"2017","AZ","hh5",96.1966197839058
"2017","NH","hh1",1.09101187281635
"2017","NH","hh2",3.76907391054275
"2017","NH","hh3",5.19794691822547
"2017","NH","hh4",11.2884682565827
"2017","NH","hh5",42.3311396189653
"2017","OK","hh1",4.53775237970466
"2017","OK","hh2",15.2278048390905
"2017","OK","hh3",14.6378528507677
"2017","OK","hh4",35.6148782756434
"2017","OK","hh5",48.3509535526921
"2017","NE","hh1",2.170222720618
"2017","NE","hh2",5.62794061078497
"2017","NE","hh3",7.32500597999869
"2017","NE","hh4",18.9023553703104
"2017","NE","hh5",35.9769433691898
"2017","KY","hh1",6.69955746423207
"2017","KY","hh2",16.3624840163987
"2017","KY","hh3",19.6857656140559
"2017","KY","hh4",36.6637696889873
"2017","KY","hh5",55.9496086479559
"2017","NM","hh1",3.68532970292551
"2017","NM","hh2",6.86435023722886
"2017","NM","hh3",7.65835608667185
"2017","NM","hh4",18.1898011109298
"2017","NM","hh5",32.0940580095867
"2017","IL","hh1",14.743323425279
"2017","IL","hh2",37.8407233324775
"2017","IL","hh3",52.0911327363182
"2017","IL","hh4",138.684472019489
"2017","IL","hh5",273.420707689686
"2017","NC","hh1",15.4057482202227
"2017","NC","hh2",36.436256703821
"2017","NC","hh3",41.8902760404753
"2017","NC","hh4",90.8138664037911
"2017","NC","hh5",140.087938955964
"2017","VA","hh1",12.0231187358052
"2017","VA","hh2",29.4940379285807
"2017","VA","hh3",25.4357214625581
"2017","VA","hh4",99.7798697628872
"2017","VA","hh5",186.020629062561
"2017","CT","hh1",3.78092296014166
"2017","CT","hh2",8.97825565959735
"2017","CT","hh3",13.2013936065977
"2017","CT","hh4",37.3910744130362
"2017","CT","hh5",105.544286212775
"2017","MI","hh1",12.3303515727457
"2017","MI","hh2",35.6008876227822
"2017","MI","hh3",39.7163052773375
"2017","MI","hh4",97.0405444355828
"2017","MI","hh5",173.110528813815
"2017","DE","hh1",1.38149620127612
"2017","DE","hh2",3.33920646815613
"2017","DE","hh3",4.28135224793846
"2017","DE","hh4",6.49899374099263
"2017","DE","hh5",24.144919004373
"2017","HI","hh1",1.08745259635659
"2017","HI","hh2",3.44457787187824
"2017","HI","hh3",4.76664365714798
"2017","HI","hh4",12.2755025542637
"2017","HI","hh5",39.4763652694286
"2017","GA","hh1",10.9156939285261
"2017","GA","hh2",34.9141730562043
"2017","GA","hh3",38.3758634641521
"2017","GA","hh4",102.400819929591
"2017","GA","hh5",160.165718953253
"2017","CA","hh1",42.8470525350355
"2017","CA","hh2",111.699818302687
"2017","CA","hh3",136.300388678758
"2017","CA","hh4",412.565481220659
"2017","CA","hh5",951.856095062817
"2017","ME","hh1",1.84769141025641
"2017","ME","hh2",5.00252818934978
"2017","ME","hh3",6.39189592691106
"2017","ME","hh4",11.152768968104
"2017","ME","hh5",27.2229843764844
"2017","MA","hh1",6.81092356170994
"2017","MA","hh2",18.504699621339
"2017","MA","hh3",20.6081362993599
"2017","MA","hh4",78.2522924615276
"2017","MA","hh5",224.357184660646
"2017","MS","hh1",6.591937801811
"2017","MS","hh2",12.57490866978
"2017","MS","hh3",13.9148016845781
"2017","MS","hh4",22.4192004695415
"2017","MS","hh5",25.2067367917782
"2017","WA","hh1",6.45346998844941
"2017","WA","hh2",18.1992411636908
"2017","WA","hh3",26.7589324228103
"2017","WA","hh4",77.2439804501812
"2017","WA","hh5",178.539770713693
"2017","TX","hh1",30.6975006547897
"2017","TX","hh2",91.7133025369201
"2017","TX","hh3",105.728091094621
"2017","TX","hh4",274.538129588153
"2017","TX","hh5",473.956306670696
"2017","AL","hh1",7.24398274102745
"2017","AL","hh2",15.4892040485367
"2017","AL","hh3",21.4331036740987
"2017","AL","hh4",35.425421055014
"2017","AL","hh5",63.0251660194701
"2017","NV","hh1",3.36724067100528
"2017","NV","hh2",11.1358213655517
"2017","NV","hh3",11.7079864914362
"2017","NV","hh4",32.4105711430706
"2017","NV","hh5",54.3149773598254
"2017","SD","hh1",0.803111711070649
"2017","SD","hh2",3.52372265041071
"2017","SD","hh3",3.97081757640722
"2017","SD","hh4",7.16972491541369
"2017","SD","hh5",19.327093679769
"2017","MN","hh1",6.57533702184036
"2017","MN","hh2",16.8479834335039
"2017","MN","hh3",22.1447670172188
"2017","MN","hh4",78.2206076373657
"2017","MN","hh5",121.554594751098
"2017","VT","hh1",0.794059713605746
"2017","VT","hh2",1.84658264577661
"2017","VT","hh3",2.72051278994412
"2017","VT","hh4",3.36410102223911
"2017","VT","hh5",17.5114232339472
"2017","MO","hh1",6.96533611088529
"2017","MO","hh2",18.3089827567073
"2017","MO","hh3",22.5441308744387
"2017","MO","hh4",67.2707125459336
"2017","MO","hh5",96.7659506359146
"2017","IN","hh1",7.69829597042806
"2017","IN","hh2",23.3109600262922
"2017","IN","hh3",31.2875887950314
"2017","IN","hh4",75.7920448018634
"2017","IN","hh5",82.2217632634911
"2017","LA","hh1",11.0189081546479
"2017","LA","hh2",17.9973160052429
"2017","LA","hh3",17.217187586442
"2017","LA","hh4",38.5840933314661
"2017","LA","hh5",60.333702016728
"2017","KS","hh1",3.62859926022064
"2017","KS","hh2",8.44612018272931
"2017","KS","hh3",11.3512305485184
"2017","KS","hh4",25.636473036401
"2017","KS","hh5",48.741489756822
"2017","AR","hh1",4.14785231760368
"2017","AR","hh2",11.1016024140395
"2017","AR","hh3",11.7193673547863
"2017","AR","hh4",21.8064460221947
"2017","AR","hh5",40.8094990945241
"2017","NY","hh1",25.4286508188371
"2017","NY","hh2",66.4716274830126
"2017","NY","hh3",75.3621418126523
"2017","NY","hh4",210.397941756963
"2017","NY","hh5",533.295498644399
"2017","OR","hh1",5.50887242084617
"2017","OR","hh2",11.7452592539943
"2017","OR","hh3",17.6367800177295
"2017","OR","hh4",42.1225261126277
"2017","OR","hh5",78.6458133777966
"2017","ND","hh1",0.87576412301072
"2017","ND","hh2",2.57072354111426
"2017","ND","hh3",3.52833133875917
"2017","ND","hh4",7.15170876513942
"2017","ND","hh5",17.4587987599587
"2017","SC","hh1",6.26138866330385
"2017","SC","hh2",16.0160403593855
"2017","SC","hh3",20.2593345233406
"2017","SC","hh4",47.622315041366
"2017","SC","hh5",65.0249974661457
"2017","ID","hh1",1.87605365374881
"2017","ID","hh2",6.11745286444497
"2017","ID","hh3",7.96133347514888
"2017","ID","hh4",15.127940134634
"2017","ID","hh5",25.4533023878581
"2017","NJ","hh1",11.3705918041181
"2017","NJ","hh2",26.184443324882
"2017","NJ","hh3",33.8359635030692
"2017","NJ","hh4",97.1282420582454
"2017","NJ","hh5",249.292862912962
"2017","UT","hh1",1.89583015364331
"2017","UT","hh2",8.62885175499488
"2017","UT","hh3",12.7012339784042
"2017","UT","hh4",27.6477660722874
"2017","UT","hh5",51.7556930336511
"2017","MT","hh1",1.35636370892739
"2017","MT","hh2",3.84553798701611
"2017","MT","hh3",4.16634944559151
"2017","MT","hh4",8.19174878463889
"2017","MT","hh5",21.93714494659
"2017","DC","hh1",0.98303002682474
"2017","DC","hh2",1.54181939356969
"2017","DC","hh3",2.36669227355753
"2017","DC","hh4",4.19506282190791
"2017","DC","hh5",34.9747235773502
"2017","PA","hh1",13.4682963212305
"2017","PA","hh2",36.0723384330556
"2017","PA","hh3",45.2503504760613
"2017","PA","hh4",138.522550408555
"2017","PA","hh5",267.812002600078
"2017","WY","hh1",0.716957246745597
"2017","WY","hh2",2.2257055428484
"2017","WY","hh3",2.2433509082354
"2017","WY","hh4",3.25585960212359
"2017","WY","hh5",13.0948612454513
"2017","CO","hh1",4.74659166970523
"2017","CO","hh2",16.8424156265498
"2017","CO","hh3",24.5620590594555
"2017","CO","hh4",57.1442503100222
"2017","CO","hh5",121.668507033918
